Date,Time,Open,High,Low,Close,Volume
20130724,0.0,62.704285,63.512856000000006,62.18,62.93,147984200
20130725,0.0,62.957142000000005,63.057143999999994,62.258571999999994,62.64285699999999,57373400
20130726,0.0,62.185715,63.005714000000005,62.048573,62.998573,50038100
20130729,0.0,62.971428,64.284286,62.885715000000005,63.970001,62014400
20130730,0.0,64.279999,65.307144,64.175713,64.760002,77355600
20130731,0.0,64.998573,65.334282,64.204285,64.647141,80739400
20130801,0.0,65.10714,65.257141,64.751427,65.239998,51562700
20130802,0.0,65.43,66.121429,65.237144,66.077141,68695900
20130805,0.0,66.38428499999999,67.238571,66.021431,67.064285,79713900
20130806,0.0,66.860001,67.41285699999999,66.024284,66.464287,83714400
20130807,0.0,66.257141,66.714287,65.96714,66.425713,74714500
20130808,0.0,66.26571700000001,66.300003,65.421425,65.858574,63944300
20130809,0.0,65.519997,65.779999,64.807144,64.921425,66716300
20130812,0.0,65.26571700000001,66.949997,65.232857,66.76571700000001,91108500
20130813,0.0,67.27714499999999,70.665718,66.864288,69.938568,220485300
20130814,0.0,71.12571700000001,72.035713,70.485718,71.214287,189093100
20130815,0.0,70.91714499999999,71.771431,69.86856800000001,71.129997,122573500
20130816,0.0,71.449997,71.84857199999999,71.26571700000001,71.761429,90576500
20130819,0.0,72.048569,73.391426,72.0,72.534286,127629600
20130820,0.0,72.815712,72.938568,71.545715,71.581429,89672100
20130821,0.0,71.941429,72.449997,71.599998,71.76571700000001,83969900
20130822,0.0,72.139999,72.227142,71.171425,71.851425,61051900
20130823,0.0,71.895714,71.907143,71.335716,71.574287,55682900
20130826,0.0,71.535713,72.885712,71.5,71.852859,82741400
20130827,0.0,71.14286,71.78714000000001,69.471428,69.798569,106047200
20130828,0.0,69.428574,70.828575,69.428574,70.128571,76902000
20130829,0.0,70.235718,70.928574,70.16143000000001,70.242859,59914400
20130830,0.0,70.285713,70.421425,69.5,69.602859,68074300
20130903,0.0,70.442856,71.514282,69.621429,69.79714200000001,82982200
20130904,0.0,71.36571500000001,71.748573,70.897141,71.24143199999999,86258200
20130905,0.0,71.464287,71.525711,70.519997,70.752853,59091900
20130906,0.0,71.205711,71.339996,69.992859,71.174286,89881400
20130909,0.0,72.14286,72.559998,71.925713,72.309998,85171800
20130910,0.0,72.314285,72.492859,69.928574,70.66285699999999,185798900
20130911,0.0,66.715714,67.66999799999999,66.40142800000001,66.815712,224674100
20130912,0.0,66.928574,67.914284,66.572861,67.52714499999999,101012800
20130913,0.0,67.048569,67.404289,66.385712,66.414284,74708900
20130916,0.0,65.85714,65.944283,63.888573,64.302856,135926700
20130917,0.0,63.994285999999995,65.672859,63.92856999999999,65.045715,99845200
20130918,0.0,66.168571,66.621429,65.808571,66.382858,114215500
20130919,0.0,67.242859,67.975716,67.035713,67.471428,101135300
20130920,0.0,68.285713,68.364288,66.571426,66.772858,174825700
20130923,0.0,70.871429,70.987144,68.942856,70.091431,190526700
20130924,0.0,70.697144,70.781425,69.688568,69.871429,91086100
20130925,0.0,69.885712,69.94856999999999,68.775711,68.790001,79239300
20130926,0.0,69.428574,69.794289,69.128571,69.459999,59305400
20130927,0.0,69.111427,69.238571,68.674286,68.964287,57010100
20130930,0.0,68.178574,68.808571,67.772858,68.10714,65039100
20131001,0.0,68.349998,69.877144,68.339996,69.708572,88470900
20131002,0.0,69.37571700000001,70.257141,69.10714,69.937141,72296000
20131003,0.0,70.072861,70.335716,68.677139,69.058571,80688300
20131004,0.0,69.122856,69.228569,68.371429,69.004288,64717100
20131007,0.0,69.50856800000001,70.378571,69.335716,69.678574,78073100
20131008,0.0,69.99143199999999,70.091431,68.648575,68.705711,72729300
20131009,0.0,69.23428299999999,69.684288,68.325714,69.512856,75431300
20131010,0.0,70.188568,70.339996,69.577141,69.94856999999999,69650700
20131011,0.0,69.57,70.548569,69.308571,70.40142800000001,66934700
20131014,0.0,69.975716,71.08285500000001,69.907143,70.862854,65474500
20131015,0.0,71.072861,71.714287,70.788574,71.239998,80018400
20131016,0.0,71.541428,71.790001,71.318573,71.58714300000001,62775300
20131017,0.0,71.425713,72.111427,71.382858,72.071426,63398300
20131018,0.0,72.284286,72.751427,72.244286,72.69856999999999,72635500
20131021,0.0,73.110001,74.900002,73.074287,74.480003,99526700
20131022,0.0,75.201431,75.492859,72.575714,74.267143,133515900
20131023,0.0,74.14286,75.095711,74.14286,74.994286,78430800
20131024,0.0,75.0,76.067146,74.635712,75.987144,96191200
20131025,0.0,75.902855,76.175713,75.01571700000001,75.137146,84448000
20131028,0.0,75.577141,75.85714,74.744286,75.697144,137610200
20131029,0.0,76.610001,77.035713,73.505714,73.811432,158951800
20131030,0.0,74.230003,75.360001,73.860001,74.985718,88540900
20131031,0.0,75.0,75.355713,74.46714,74.671425,68924100
20131101,0.0,74.860001,74.971428,73.691429,74.290001,68722500
20131104,0.0,74.442856,75.260002,74.11571500000001,75.25,61156900
20131105,0.0,74.940002,75.555717,74.714287,75.064285,66303300
20131106,0.0,74.878571,74.980003,74.028572,74.41714499999999,55843900
20131107,0.0,74.225716,74.74143199999999,73.197144,73.21285999999999,65655100
20131108,0.0,73.511429,74.447144,73.227142,74.36571500000001,69829200
20131111,0.0,74.284286,74.524284,73.487144,74.150002,56863100
20131112,0.0,73.95285799999999,74.845711,73.85714,74.28714000000001,51069200
20131113,0.0,74.0,74.60714,73.851425,74.37571700000001,49305200
20131114,0.0,74.687141,75.611427,74.552856,75.451431,70604800
20131115,0.0,75.225716,75.584282,74.927139,74.998573,79480100
20131118,0.0,74.998573,75.312859,74.028572,74.089996,61236000
20131119,0.0,74.147141,74.76857,73.995712,74.221428,52234700
20131120,0.0,74.175713,74.345711,73.475716,73.571426,48479200
20131121,0.0,73.942856,74.458572,73.38143199999999,74.44856999999999,65506700
20131122,0.0,74.21714,74.594284,74.075714,74.257141,55931400
20131125,0.0,74.431427,75.12428299999999,74.428574,74.82,57327900
20131126,0.0,74.87428299999999,76.591431,74.85714,76.199997,100345700
20131127,0.0,76.61571500000001,78.0,76.199997,77.994286,90862100
20131129,0.0,78.497147,79.761429,78.25856800000001,79.438568,79531900
20131202,0.0,79.714287,80.61856800000001,78.688568,78.747147,118136200
20131203,0.0,79.757141,80.91143000000001,79.668571,80.902855,112742000
20131204,0.0,80.785713,81.312859,80.117142,80.714287,94452400
20131205,0.0,81.807144,82.16285699999999,80.915718,81.128571,111895000
20131206,0.0,80.827141,80.964287,79.938568,80.002853,86088100
20131209,0.0,80.128571,81.36856800000001,80.128571,80.918571,80123400
20131210,0.0,80.511429,81.12571700000001,80.171425,80.792854,69567400
20131211,0.0,81.0,81.567146,79.955711,80.194283,89929700
20131212,0.0,80.305717,80.762856,80.004288,80.077141,65572500
20131213,0.0,80.407143,80.41143000000001,79.095711,79.204285,83205500
20131216,0.0,79.288574,80.377144,79.28714000000001,79.64286,70648200
20131217,0.0,79.40142800000001,79.91999799999999,79.054283,79.284286,57475600
20131218,0.0,78.528572,78.778572,76.971428,78.681427,141465800
20131219,0.0,78.5,78.571426,77.675713,77.779999,80077200
20131220,0.0,77.918571,78.80143000000001,77.831429,78.431427,109103400
20131223,0.0,81.14286,81.531425,80.394287,81.441429,125326600
20131224,0.0,81.41285699999999,81.697144,80.861427,81.095711,41888700
20131226,0.0,81.157143,81.35714,80.482857,80.557144,51002000
20131227,0.0,80.545715,80.629997,79.928574,80.012856,56471100
20131230,0.0,79.637146,80.012856,78.902855,79.21714,63407400
20131231,0.0,79.16714499999999,80.182854,79.14286,80.145714,55771100
20140102,0.0,79.382858,79.575714,78.860001,79.01857,58671200
20140103,0.0,78.980003,79.099998,77.204285,77.28286,98116900
20140106,0.0,76.778572,78.114288,76.228569,77.704285,103152700
20140107,0.0,77.760002,77.994286,76.845711,77.148575,79302300
20140108,0.0,76.97285500000001,77.937141,76.955711,77.637146,64632400
20140109,0.0,78.114288,78.122856,76.478569,76.645714,69787200
20140110,0.0,77.11856800000001,77.257141,75.872856,76.13428499999999,76244000
20140113,0.0,75.701431,77.5,75.697144,76.53286,94623200
20140114,0.0,76.888573,78.104286,76.808571,78.055717,83140400
20140115,0.0,79.074287,80.028572,78.808571,79.622856,97909700
20140116,0.0,79.271431,79.550003,78.811432,79.178574,57319500
20140117,0.0,78.78286,78.867142,77.128571,77.238571,106684900
20140121,0.0,77.284286,78.581429,77.20285799999999,78.438568,82131700
20140122,0.0,78.701431,79.612854,78.25856800000001,78.78714000000001,94996300
20140123,0.0,78.562859,79.5,77.83000200000001,79.454285,100809800
20140124,0.0,79.14286,79.37428299999999,77.821426,78.010002,107338700
20140127,0.0,78.581429,79.257141,77.964287,78.64286,138719700
20140128,0.0,72.68,73.571426,71.724289,72.35714,266380800
20140129,0.0,71.992859,72.48143,71.23143,71.535713,125702500
20140130,0.0,71.791428,72.35714,70.957146,71.397141,169625400
20140131,0.0,70.739998,71.647141,70.507141,71.514282,116199300
20140203,0.0,71.80143000000001,72.53286,71.328575,71.647141,100366000
20140204,0.0,72.264282,72.779999,71.822861,72.684288,94170300
20140205,0.0,72.36571500000001,73.611427,72.321426,73.227142,82086200
20140206,0.0,72.86571500000001,73.35714,72.544289,73.215714,64441300
20140207,0.0,74.482857,74.704285,73.91143000000001,74.239998,92570100
20140210,0.0,74.094284,75.998573,74.0,75.57,86389800
20140211,0.0,75.80143000000001,76.821426,75.64286,76.565712,70564200
20140212,0.0,76.707146,77.08000200000001,76.177139,76.559998,77025200
20140213,0.0,76.379997,77.835716,76.314285,77.775711,76849500
20140214,0.0,77.495712,77.997147,77.315712,77.71285999999999,68231100
20140218,0.0,78.0,78.74143199999999,77.944283,77.998573,65062900
20140219,0.0,77.821426,78.127144,76.335716,76.767143,78442000
20140220,0.0,76.141426,76.714287,75.571426,75.878571,76464500
20140221,0.0,76.112854,76.367142,74.942856,75.035713,69696200
20140224,0.0,74.735718,75.70285799999999,74.63143199999999,75.364288,72227400
20140225,0.0,75.62571700000001,75.652855,74.428574,74.58000200000001,57988000
20140226,0.0,74.80143000000001,75.0,73.657143,73.907143,69054300
20140227,0.0,73.877144,75.540001,73.721428,75.38143199999999,75470500
20140228,0.0,75.58285500000001,76.10714,74.58856999999999,75.177139,92992200
20140303,0.0,74.774284,75.807144,74.687141,75.394287,59695300
20140304,0.0,75.85714,76.091431,75.395714,75.891426,64785000
20140305,0.0,75.845711,76.39286,75.589996,76.05143000000001,50015700
20140306,0.0,76.112854,76.34857199999999,75.442856,75.821426,46372200
20140307,0.0,75.870003,75.997147,75.150002,75.77714499999999,55182400
20140310,0.0,75.480003,76.190002,75.477142,75.845711,44646000
20140311,0.0,76.492859,76.96285999999999,76.084282,76.584282,69806100
20140312,0.0,76.358574,76.764282,76.0,76.658569,49831600
20140313,0.0,76.77714499999999,77.094284,75.594284,75.807144,64435700
20140314,0.0,75.541428,75.841431,74.714287,74.955711,59299800
20140317,0.0,75.385712,75.709999,75.121429,75.248573,49886200
20140318,0.0,75.128571,75.995712,75.028572,75.914284,52411800
20140319,0.0,76.03714000000001,76.605713,75.571426,75.894287,56189000
20140320,0.0,75.69856999999999,76.095711,75.335716,75.528572,52099600
20140321,0.0,75.989998,76.25,75.190002,76.12428299999999,93511600
20140324,0.0,76.91714499999999,77.214287,76.437141,77.02714499999999,88925200
20140325,0.0,77.35714,77.964287,77.084282,77.855713,70573300
20140326,0.0,78.074287,78.428574,76.980003,77.111427,74942000
20140327,0.0,77.145714,77.35714,76.445717,76.779999,55507900
20140328,0.0,76.902855,76.99143199999999,76.321426,76.694283,50141000
20140331,0.0,77.03286,77.25856800000001,76.561432,76.677139,42167300
20140401,0.0,76.822861,77.410004,76.681427,77.378571,50190000
20140402,0.0,77.482857,77.639999,77.18,77.507141,45105200
20140403,0.0,77.341431,77.5,76.805717,76.970001,40586000
20140404,0.0,77.11571500000001,77.14286,75.79714200000001,75.974289,68812800
20140407,0.0,75.431427,75.842857,74.555717,74.781425,72462600
20140408,0.0,75.02714499999999,75.160004,74.099998,74.77714499999999,60972100
20140409,0.0,74.66285699999999,75.784286,74.574287,75.760002,51542400
20140410,0.0,75.811432,76.034286,74.738571,74.78286,59913000
20140411,0.0,74.14286,74.690002,73.877144,74.230003,67929400
20140414,0.0,74.557144,74.594284,73.887146,74.525711,51418500
20140415,0.0,74.324287,74.519997,73.04714200000001,73.994286,66622500
20140416,0.0,74.007141,74.441429,73.44856999999999,74.144287,53691400
20140417,0.0,74.285713,75.394287,74.171425,74.99143199999999,71083600
20140421,0.0,75.048569,76.019997,74.851425,75.88143199999999,45637200
20140422,0.0,75.47285500000001,75.975716,75.214287,75.957146,50640800
20140423,0.0,75.58000200000001,75.87571700000001,74.921425,74.964287,98735000
20140424,0.0,81.172859,81.428574,80.104286,81.110001,189977900
20140425,0.0,80.647141,81.71285999999999,80.565712,81.705711,97568800
20140428,0.0,81.828575,85.10714,81.792854,84.870003,167371400
20140429,0.0,84.82,85.139999,84.215714,84.61856800000001,84344400
20140430,0.0,84.66285699999999,85.632858,84.257141,84.298569,114160200
20140501,0.0,84.571426,84.971428,83.76571700000001,84.497147,61012000
20140502,0.0,84.620003,84.885712,84.244286,84.654289,47878600
20140505,0.0,84.305717,85.85714,84.285713,85.851425,71766800
20140506,0.0,85.971428,86.344284,84.915718,84.915718,93641100
20140507,0.0,85.035713,85.327141,83.961426,84.61856800000001,70716100
20140508,0.0,84.035713,84.915718,83.771431,83.998573,57574300
20140509,0.0,83.505714,83.75,82.904289,83.648575,72899400
20140512,0.0,83.927139,84.808571,83.914284,84.690002,53302200
20140513,0.0,84.571426,84.934288,84.385712,84.822861,39934300
20140514,0.0,84.632858,85.342857,84.534286,84.83856999999999,41601000
20140515,0.0,84.957146,85.228569,84.005714,84.117142,57711500
20140516,0.0,84.089996,85.361427,83.628571,85.358574,69064100
20140519,0.0,85.407143,86.761429,85.33285500000001,86.370003,79438800
20140520,0.0,86.358574,86.628571,85.818573,86.387146,58709000
20140521,0.0,86.261429,86.671425,86.00856800000001,86.61571500000001,49214900
20140522,0.0,86.657143,87.121429,86.300003,86.752853,50190000
20140523,0.0,86.75,87.818573,86.638573,87.732857,58052400
20140527,0.0,87.982857,89.408569,87.947144,89.37571700000001,87216500
20140528,0.0,89.431427,89.975716,89.111427,89.144287,78870400
20140529,0.0,89.692856,90.98143,89.681427,90.76857,94118500
20140530,0.0,91.139999,92.024284,89.842857,90.428574,141005200
20140602,0.0,90.565712,90.690002,88.928574,89.807144,92337700
20140603,0.0,89.779999,91.248573,89.75,91.077141,73177300
20140604,0.0,91.062859,92.555717,90.872856,92.117142,83870500
20140605,0.0,92.314285,92.767143,91.80143000000001,92.478569,75951400
20140606,0.0,92.842857,93.03714000000001,92.067146,92.224289,87484600
20140609,0.0,92.699997,93.879997,91.75,93.699997,75415000
20140610,0.0,94.730003,95.050003,93.57,94.25,62777000
20140611,0.0,94.129997,94.760002,93.470001,93.860001,45681000
20140612,0.0,94.040001,94.120003,91.900002,92.290001,54749000
20140613,0.0,92.199997,92.440002,90.879997,91.279999,54525000
20140616,0.0,91.510002,92.75,91.449997,92.199997,35561000
20140617,0.0,92.309998,92.699997,91.800003,92.08000200000001,29726000
20140618,0.0,92.269997,92.290001,91.349998,92.18,33514000
20140619,0.0,92.290001,92.300003,91.339996,91.860001,35528000
20140620,0.0,91.849998,92.550003,90.900002,90.910004,100898000
20140623,0.0,91.32,91.620003,90.599998,90.83000200000001,43694000
20140624,0.0,90.75,91.739998,90.190002,90.279999,39036000
20140625,0.0,90.209999,90.699997,89.650002,90.360001,36869000
20140626,0.0,90.370003,91.050003,89.800003,90.900002,32629000
20140627,0.0,90.82,92.0,90.769997,91.980003,64029000
20140630,0.0,92.099998,93.730003,92.089996,92.93,49482300
20140701,0.0,93.519997,94.07,93.129997,93.519997,38223000
20140702,0.0,93.870003,94.059998,93.089996,93.480003,28465000
20140703,0.0,93.66999799999999,94.099998,93.199997,94.029999,22891800
20140707,0.0,94.139999,95.989998,94.099998,95.970001,56468000
20140708,0.0,96.269997,96.800003,93.91999799999999,95.349998,65222000
20140709,0.0,95.440002,95.949997,94.760002,95.389999,36436000
20140710,0.0,93.760002,95.550003,93.519997,95.040001,39686000
20140711,0.0,95.360001,95.889999,94.860001,95.220001,34018000
20140714,0.0,95.860001,96.889999,95.650002,96.449997,42810000
20140715,0.0,96.800003,96.849998,95.029999,95.32,45477900
20140716,0.0,96.970001,97.099998,94.739998,94.779999,53396300
20140717,0.0,95.029999,95.279999,92.57,93.089996,57298000
20140718,0.0,93.620003,94.739998,93.019997,94.43,49988000
20140721,0.0,94.989998,95.0,93.720001,93.940002,39079000
20140722,0.0,94.68,94.889999,94.120003,94.720001,55197000
20140723,0.0,95.41999799999999,97.879997,95.16999799999999,97.190002,92918000
20140724,0.0,97.040001,97.32,96.41999799999999,97.029999,45729000
20140725,0.0,96.849998,97.839996,96.639999,97.66999799999999,43469000
20140728,0.0,97.82,99.239998,97.550003,99.019997,55318000
20140729,0.0,99.33000200000001,99.440002,98.25,98.379997,43143000
20140730,0.0,98.440002,98.699997,97.66999799999999,98.150002,33010000
20140731,0.0,97.160004,97.449997,95.33000200000001,95.599998,56843000
20140801,0.0,94.900002,96.620003,94.809998,96.129997,48511000
20140804,0.0,96.370003,96.58000200000001,95.16999799999999,95.589996,39958000
20140805,0.0,95.360001,95.68,94.360001,95.120003,55933000
20140806,0.0,94.75,95.480003,94.709999,94.959999,38558000
20140807,0.0,94.93,95.949997,94.099998,94.480003,46711000
20140808,0.0,94.260002,94.82,93.279999,94.739998,41865000
20140811,0.0,95.269997,96.08000200000001,94.839996,95.989998,36585000
20140812,0.0,96.040001,96.879997,95.610001,95.970001,33795000
20140813,0.0,96.150002,97.239998,96.040001,97.239998,31916000
20140814,0.0,97.33000200000001,97.57,96.800003,97.5,28116000
20140815,0.0,97.900002,98.190002,96.860001,97.980003,48951000
20140818,0.0,98.489998,99.370003,97.980003,99.160004,47572000
20140819,0.0,99.410004,100.68,99.32,100.529999,69399000
20140820,0.0,100.440002,101.089996,99.949997,100.57,52699000
20140821,0.0,100.57,100.940002,100.110001,100.58000200000001,33478000
20140822,0.0,100.290001,101.470001,100.190002,101.32,44184000
20140825,0.0,101.790001,102.16999799999999,101.279999,101.540001,40270000
20140826,0.0,101.41999799999999,101.5,100.860001,100.889999,33152000
20140827,0.0,101.019997,102.57,100.699997,102.129997,52369000
20140828,0.0,101.589996,102.779999,101.559998,102.25,68460000
20140829,0.0,102.860001,102.900002,102.199997,102.5,44595000
20140902,0.0,103.059998,103.739998,102.720001,103.300003,53564000
20140903,0.0,103.099998,103.199997,98.58000200000001,98.940002,125421000
20140904,0.0,98.849998,100.089996,97.790001,98.120003,85718000
20140905,0.0,98.800003,99.389999,98.309998,98.970001,58457000
20140908,0.0,99.300003,99.309998,98.050003,98.360001,46356700
20140909,0.0,99.08000200000001,103.08000200000001,96.139999,97.989998,189846300
20140910,0.0,98.010002,101.110001,97.760002,101.0,100869600
20140911,0.0,100.410004,101.440002,99.620003,101.43,62353100
20140912,0.0,101.209999,102.190002,101.08000200000001,101.660004,62626100
20140915,0.0,102.809998,103.050003,101.440002,101.629997,61316500
20140916,0.0,99.800003,101.260002,98.889999,100.860001,66908100
20140917,0.0,101.269997,101.800003,100.589996,101.58000200000001,60926500
20140918,0.0,101.93,102.349998,101.559998,101.790001,37299400
20140919,0.0,102.290001,102.349998,100.5,100.959999,70902400
20140922,0.0,101.800003,102.139999,100.58000200000001,101.059998,52788400
20140923,0.0,100.599998,102.940002,100.540001,102.639999,63402200
20140924,0.0,102.160004,102.849998,101.199997,101.75,60171800
20140925,0.0,100.510002,100.709999,97.720001,97.870003,100092000
20140926,0.0,98.529999,100.75,98.400002,100.75,62370500
20140929,0.0,98.650002,100.440002,98.629997,100.110001,49766300
20140930,0.0,100.809998,101.540001,100.529999,100.75,55264100
20141001,0.0,100.589996,100.690002,98.699997,99.18,51491300
20141002,0.0,99.269997,100.220001,98.040001,99.900002,47757800
20141003,0.0,99.440002,100.209999,99.040001,99.620003,43469600
20141006,0.0,99.949997,100.650002,99.41999799999999,99.620003,37051200
20141007,0.0,99.43,100.120003,98.730003,98.75,42094200
20141008,0.0,98.760002,101.110001,98.309998,100.800003,57404700
20141009,0.0,101.540001,102.379997,100.610001,101.019997,77376500
20141010,0.0,100.690002,102.029999,100.300003,100.730003,66331600
20141013,0.0,101.33000200000001,101.779999,99.809998,99.809998,53583400
20141014,0.0,100.389999,100.519997,98.57,98.75,63688600
20141015,0.0,97.970001,99.150002,95.18,97.540001,100933600
20141016,0.0,95.550003,97.720001,95.410004,96.260002,72154500
20141017,0.0,97.5,99.0,96.809998,97.66999799999999,68179700
20141020,0.0,98.32,99.959999,98.220001,99.760002,77517300
20141021,0.0,103.019997,103.019997,101.269997,102.470001,94623900
20141022,0.0,102.839996,104.110001,102.599998,102.989998,68263100
20141023,0.0,104.08000200000001,105.050003,103.629997,104.83000200000001,71074700
20141024,0.0,105.18,105.489998,104.529999,105.220001,47053900
20141027,0.0,104.849998,105.480003,104.699997,105.110001,34187700
20141028,0.0,105.400002,106.739998,105.349998,106.739998,48060900
20141029,0.0,106.650002,107.370003,106.360001,107.339996,52687900
20141030,0.0,106.959999,107.349998,105.900002,106.980003,40654800
20141031,0.0,108.010002,108.040001,107.209999,108.0,44639300
20141103,0.0,108.220001,110.300003,108.010002,109.400002,52282600
20141104,0.0,109.360001,109.489998,107.720001,108.599998,41574400
20141105,0.0,109.099998,109.300003,108.129997,108.860001,37435900
20141106,0.0,108.599998,108.790001,107.800003,108.699997,34968500
20141107,0.0,108.75,109.32,108.550003,109.010002,33691500
20141110,0.0,109.019997,109.33000200000001,108.66999799999999,108.83000200000001,27195500
20141111,0.0,108.699997,109.75,108.400002,109.699997,27442300
20141112,0.0,109.379997,111.43,109.370003,111.25,46942400
20141113,0.0,111.800003,113.449997,111.599998,112.82,59522900
20141114,0.0,113.150002,114.190002,111.209999,114.18,44063600
20141117,0.0,114.269997,117.279999,113.300003,113.989998,46746700
20141118,0.0,113.940002,115.690002,113.889999,115.470001,44224000
20141119,0.0,115.440002,115.739998,113.800003,114.66999799999999,41869200
20141120,0.0,114.910004,116.860001,114.849998,116.309998,43395500
20141121,0.0,117.510002,117.57,116.029999,116.470001,57179300
20141124,0.0,116.849998,118.769997,116.620003,118.629997,47450800
20141125,0.0,119.07,119.75,117.449997,117.599998,68840400
20141126,0.0,117.940002,119.099998,117.83000200000001,119.0,40768300
20141128,0.0,119.269997,119.400002,118.050003,118.93,24814400
20141201,0.0,118.809998,119.25,111.269997,115.07,83814000
20141202,0.0,113.5,115.75,112.75,114.629997,59348900
20141203,0.0,115.75,116.349998,115.110001,115.93,43063400
20141204,0.0,115.769997,117.199997,115.290001,115.489998,42044500
20141205,0.0,115.989998,116.08000200000001,114.639999,115.0,38318900
20141208,0.0,114.099998,114.650002,111.620003,112.400002,57664900
20141209,0.0,110.190002,114.300003,109.349998,114.120003,60208000
20141210,0.0,114.410004,114.849998,111.540001,111.949997,44565300
20141211,0.0,112.260002,113.800003,111.339996,111.620003,41401700
20141212,0.0,110.459999,111.870003,109.58000200000001,109.730003,56028100
20141215,0.0,110.699997,111.599998,106.349998,108.230003,67218100
20141216,0.0,106.370003,110.160004,106.260002,106.75,60790700
20141217,0.0,107.120003,109.839996,106.82,109.410004,53411800
20141218,0.0,111.870003,112.650002,110.660004,112.650002,59006200
20141219,0.0,112.260002,113.239998,111.660004,111.779999,88429800
20141222,0.0,112.160004,113.489998,111.970001,112.940002,45167500
20141223,0.0,113.230003,113.33000200000001,112.459999,112.540001,26028400
20141224,0.0,112.58000200000001,112.709999,112.010002,112.010002,14479600
20141226,0.0,112.099998,114.519997,112.010002,113.989998,33721000
20141229,0.0,113.790001,114.769997,113.699997,113.910004,27598900
20141230,0.0,113.639999,113.91999799999999,112.110001,112.519997,29881500
20141231,0.0,112.82,113.129997,110.209999,110.379997,41403400
20150102,0.0,111.389999,111.440002,107.349998,109.33000200000001,53204600
20150105,0.0,108.290001,108.650002,105.410004,106.25,64285500
20150106,0.0,106.540001,107.43,104.629997,106.260002,65797100
20150107,0.0,107.199997,108.199997,106.699997,107.75,40105900
20150108,0.0,109.230003,112.150002,108.699997,111.889999,59364500
20150109,0.0,112.66999799999999,113.25,110.209999,112.010002,53699500
20150112,0.0,112.599998,112.629997,108.800003,109.25,49650800
20150113,0.0,111.43,112.800003,108.910004,110.220001,67091900
20150114,0.0,109.040001,110.489998,108.5,109.800003,48337000
20150115,0.0,110.0,110.059998,106.660004,106.82,60014000
20150116,0.0,107.029999,107.58000200000001,105.199997,105.989998,78513300
20150120,0.0,107.839996,108.970001,106.5,108.720001,49899900
20150121,0.0,108.949997,111.059998,108.269997,109.550003,48575900
20150122,0.0,110.260002,112.470001,109.720001,112.400002,53796400
20150123,0.0,112.300003,113.75,111.529999,112.980003,46464800
20150126,0.0,113.739998,114.360001,112.800003,113.099998,55615000
20150127,0.0,112.41999799999999,112.480003,109.029999,109.139999,95568700
20150128,0.0,117.629997,118.120003,115.309998,115.309998,146477100
20150129,0.0,116.32,119.190002,115.559998,118.900002,84436400
20150130,0.0,118.400002,120.0,116.849998,117.160004,83745500
20150202,0.0,118.050003,119.16999799999999,116.08000200000001,118.629997,62739100
20150203,0.0,118.5,119.089996,117.610001,118.650002,51915700
20150204,0.0,118.5,120.510002,118.309998,119.559998,70149700
20150205,0.0,120.019997,120.230003,119.25,119.940002,42246200
20150206,0.0,120.019997,120.25,118.449997,118.93,43706600
20150209,0.0,118.550003,119.839996,118.43,119.720001,38889800
20150210,0.0,120.16999799999999,122.150002,120.160004,122.019997,62008500
20150211,0.0,122.769997,124.91999799999999,122.5,124.879997,73561800
20150212,0.0,126.059998,127.480003,125.57,126.459999,74474500
20150213,0.0,127.279999,127.279999,125.650002,127.08000200000001,54272200
20150217,0.0,127.489998,128.880005,126.91999799999999,127.83000200000001,63152400
20150218,0.0,127.629997,128.779999,127.449997,128.720001,44891700
20150219,0.0,128.479996,129.029999,128.330002,128.449997,37362400
20150220,0.0,128.619995,129.5,128.050003,129.5,48948400
20150223,0.0,130.020004,133.0,129.66000400000001,133.0,70974100
20150224,0.0,132.940002,133.600006,131.169998,132.169998,69228100
20150225,0.0,131.559998,131.600006,128.149994,128.78999299999998,74711700
20150226,0.0,128.78999299999998,130.869995,126.610001,130.419998,91287500
20150227,0.0,130.0,130.570007,128.240005,128.46000700000002,62014800
20150302,0.0,129.25,130.279999,128.300003,129.08999599999999,48096700
20150303,0.0,128.96000700000002,129.520004,128.08999599999999,129.360001,37816300
20150304,0.0,129.100006,129.559998,128.320007,128.53999299999998,31666300
20150305,0.0,128.580002,128.75,125.760002,126.410004,56517100
20150306,0.0,128.399994,129.369995,126.260002,126.599998,72842100
20150309,0.0,127.959999,129.570007,125.059998,127.139999,88528500
20150310,0.0,126.410004,127.220001,123.800003,124.510002,68856600
20150311,0.0,124.75,124.769997,122.110001,122.239998,68939000
20150312,0.0,122.309998,124.900002,121.629997,124.449997,48362700
20150313,0.0,124.400002,125.400002,122.58000200000001,123.589996,51827300
20150316,0.0,123.879997,124.949997,122.870003,124.949997,35874300
20150317,0.0,125.900002,127.32,125.650002,127.040001,51023100
20150318,0.0,127.0,129.16000400000001,126.370003,128.470001,65270900
20150319,0.0,128.75,129.25,127.400002,127.5,45809500
20150320,0.0,128.25,128.399994,125.160004,125.900002,68695100
20150323,0.0,127.120003,127.849998,126.519997,127.209999,37709700
20150324,0.0,127.230003,128.03999299999998,126.559998,126.690002,32842300
20150325,0.0,126.540001,126.82,123.379997,123.379997,51655200
20150326,0.0,122.760002,124.879997,122.599998,124.239998,47572900
20150327,0.0,124.57,124.699997,122.910004,123.25,39546200
20150330,0.0,124.050003,126.400002,124.0,126.370003,47099700
20150331,0.0,126.089996,126.489998,124.360001,124.43,42090600
20150401,0.0,124.82,125.120003,123.099998,124.25,40621400
20150402,0.0,125.029999,125.559998,124.190002,125.32,32220100
20150406,0.0,124.470001,127.510002,124.33000200000001,127.349998,37194000
20150407,0.0,127.639999,128.119995,125.980003,126.010002,35012300
20150408,0.0,125.849998,126.400002,124.970001,125.599998,37329200
20150409,0.0,125.849998,126.58000200000001,124.660004,126.559998,32484000
20150410,0.0,125.949997,127.209999,125.260002,127.099998,40188000
20150413,0.0,128.369995,128.570007,126.610001,126.849998,36365100
20150414,0.0,127.0,127.290001,125.910004,126.300003,25524600
20150415,0.0,126.410004,127.129997,126.010002,126.779999,28970400
20150416,0.0,126.279999,127.099998,126.110001,126.16999799999999,28369000
20150417,0.0,125.550003,126.139999,124.459999,124.75,51957000
20150420,0.0,125.57,128.119995,125.16999799999999,127.599998,47054300
20150421,0.0,128.100006,128.199997,126.66999799999999,126.910004,32435100
20150422,0.0,126.989998,128.869995,126.32,128.619995,37654500
20150423,0.0,128.300003,130.419998,128.139999,129.669998,45770900
20150424,0.0,130.490005,130.630005,129.229996,130.279999,44525900
20150427,0.0,132.309998,133.130005,131.149994,132.649994,96954200
20150428,0.0,134.46000700000002,134.53999299999998,129.570007,130.559998,118924000
20150429,0.0,130.16000400000001,131.58999599999999,128.300003,128.639999,63386100
20150430,0.0,128.639999,128.639999,124.58000200000001,125.150002,83195400
20150501,0.0,126.099998,130.130005,125.300003,128.949997,58512600
20150504,0.0,129.5,130.570007,128.259995,128.699997,50988300
20150505,0.0,128.149994,128.449997,125.779999,125.800003,49271400
20150506,0.0,126.559998,126.75,123.360001,125.010002,72141000
20150507,0.0,124.769997,126.08000200000001,124.019997,125.260002,43940900
20150508,0.0,126.68,127.620003,126.110001,127.620003,55550400
20150511,0.0,127.389999,127.559998,125.629997,126.32,42035800
20150512,0.0,125.599998,126.879997,124.82,125.870003,48160000
20150513,0.0,126.150002,127.190002,125.870003,126.010002,34694200
20150514,0.0,127.410004,128.949997,127.160004,128.949997,45203500
20150515,0.0,129.070007,129.490005,128.21000700000002,128.770004,38208000
20150518,0.0,128.380005,130.720001,128.360001,130.190002,50882900
20150519,0.0,130.690002,130.880005,129.639999,130.070007,44633200
20150520,0.0,130.0,130.979996,129.33999599999999,130.059998,36454900
20150521,0.0,130.070007,131.630005,129.830002,131.389999,39730400
20150522,0.0,131.600006,132.970001,131.399994,132.53999299999998,45596000
20150526,0.0,132.600006,132.91000400000001,129.119995,129.619995,70697600
20150527,0.0,130.33999599999999,132.259995,130.050003,132.03999299999998,45833200
20150528,0.0,131.860001,131.949997,131.100006,131.779999,30733300
20150529,0.0,131.229996,131.449997,129.899994,130.279999,50884500
20150601,0.0,130.279999,131.389999,130.050003,130.53999299999998,32112800
20150602,0.0,129.860001,130.66000400000001,129.320007,129.96000700000002,33667600
20150603,0.0,130.66000400000001,130.940002,129.899994,130.119995,30889400
20150604,0.0,129.580002,130.580002,128.91000400000001,129.360001,38450100
20150605,0.0,129.5,129.690002,128.360001,128.649994,35626800
20150608,0.0,128.899994,129.21000700000002,126.83000200000001,127.800003,52674800
20150609,0.0,126.699997,128.080002,125.620003,127.41999799999999,56075400
20150610,0.0,127.91999799999999,129.33999599999999,127.849998,128.880005,39087300
20150611,0.0,129.179993,130.179993,128.479996,128.58999599999999,35390900
20150612,0.0,128.190002,128.330002,127.110001,127.16999799999999,36886200
20150615,0.0,126.099998,127.239998,125.709999,126.91999799999999,43988900
20150616,0.0,127.029999,127.849998,126.370003,127.599998,31494100
20150617,0.0,127.720001,127.879997,126.739998,127.300003,32918100
20150618,0.0,127.230003,128.309998,127.220001,127.879997,35407200
20150619,0.0,127.709999,127.82,126.400002,126.599998,54716900
20150622,0.0,127.489998,128.059998,127.08000200000001,127.610001,34039300
20150623,0.0,127.480003,127.610001,126.879997,127.029999,30268900
20150624,0.0,127.209999,129.800003,127.120003,128.110001,55280900
20150625,0.0,128.860001,129.199997,127.5,127.5,31938100
20150626,0.0,127.66999799999999,127.989998,126.510002,126.75,44066800
20150629,0.0,125.459999,126.470001,124.480003,124.529999,49161400
20150630,0.0,125.57,126.120003,124.860001,125.43,44370700
20150701,0.0,126.900002,126.940002,125.989998,126.599998,30238800
20150702,0.0,126.43,126.690002,125.769997,126.440002,27211000
20150706,0.0,124.940002,126.230003,124.849998,126.0,28060400
20150707,0.0,125.889999,126.150002,123.769997,125.690002,46946800
20150708,0.0,124.480003,124.639999,122.540001,122.57,60761600
20150709,0.0,123.849998,124.059998,119.220001,120.07,77821600
20150710,0.0,121.940002,123.849998,121.209999,123.279999,61354500
20150713,0.0,125.029999,125.760002,124.32,125.660004,41440500
20150714,0.0,126.040001,126.370003,125.040001,125.610001,31768100
20150715,0.0,125.720001,127.150002,125.58000200000001,126.82,33649200
20150716,0.0,127.739998,128.570007,127.349998,128.509995,36222400
20150717,0.0,129.080002,129.619995,128.309998,129.619995,46164700
20150720,0.0,130.970001,132.970001,130.699997,132.070007,58900200
20150721,0.0,132.850006,132.919998,130.320007,130.75,76756400
20150722,0.0,121.989998,125.5,121.989998,125.220001,115450600
20150723,0.0,126.199997,127.089996,125.059998,125.160004,50999500
20150724,0.0,125.32,125.739998,123.900002,124.5,42162300
20150727,0.0,123.089996,123.610001,122.120003,122.769997,44455500
20150728,0.0,123.379997,123.910004,122.550003,123.379997,33618100
20150729,0.0,123.150002,123.5,122.269997,122.989998,37011700
20150730,0.0,122.32,122.57,121.709999,122.370003,33628300
20150731,0.0,122.599998,122.639999,120.910004,121.300003,42885000
20150803,0.0,121.5,122.57,117.519997,118.440002,69976000
20150804,0.0,117.41999799999999,117.699997,113.25,114.639999,124138600
20150805,0.0,112.949997,117.440002,112.099998,115.400002,99312600
20150806,0.0,115.970001,116.5,114.120003,115.129997,52903000
20150807,0.0,114.58000200000001,116.25,114.5,115.519997,38670400
20150810,0.0,116.529999,119.989998,116.529999,119.720001,54951600
20150811,0.0,117.809998,118.18,113.33000200000001,113.489998,97082800
20150812,0.0,112.529999,115.41999799999999,109.629997,115.239998,101217500
20150813,0.0,116.040001,116.400002,114.540001,115.150002,48535800
20150814,0.0,114.32,116.309998,114.010002,115.959999,42929500
20150817,0.0,116.040001,117.650002,115.5,117.160004,40884700
20150818,0.0,116.43,117.440002,116.010002,116.5,34560700
20150819,0.0,116.099998,116.519997,114.68,115.010002,47445700
20150820,0.0,114.08000200000001,114.349998,111.629997,112.650002,68501600
20150821,0.0,110.43,111.900002,105.650002,105.760002,128275500
20150824,0.0,94.870003,108.800003,92.0,103.120003,162206300
20150825,0.0,111.110001,111.110001,103.5,103.739998,103601600
20150826,0.0,107.089996,109.889999,105.050003,109.690002,96774600
20150827,0.0,112.230003,113.239998,110.019997,112.91999799999999,84616100
20150828,0.0,112.16999799999999,113.309998,111.540001,113.290001,53164400
20150831,0.0,112.029999,114.529999,112.0,112.760002,56229300
20150901,0.0,110.150002,111.879997,107.360001,107.720001,76845900
20150902,0.0,110.230003,112.339996,109.129997,112.339996,61888800
20150903,0.0,112.489998,112.779999,110.040001,110.370003,53233900
20150904,0.0,108.970001,110.449997,108.510002,109.269997,49996300
20150908,0.0,111.75,112.559998,110.32,112.309998,54843600
20150909,0.0,113.760002,114.019997,109.769997,110.150002,85010800
20150910,0.0,110.269997,113.279999,109.900002,112.57,62892800
20150911,0.0,111.790001,114.209999,111.760002,114.209999,49915500
20150914,0.0,116.58000200000001,116.889999,114.860001,115.309998,58363400
20150915,0.0,115.93,116.529999,114.41999799999999,116.279999,43341200
20150916,0.0,116.25,116.540001,115.440002,116.410004,37173500
20150917,0.0,115.660004,116.489998,113.720001,113.91999799999999,64112600
20150918,0.0,112.209999,114.300003,111.870003,113.449997,74285300
20150921,0.0,113.66999799999999,115.370003,113.660004,115.209999,50222000
20150922,0.0,113.379997,114.18,112.519997,113.400002,50346200
20150923,0.0,113.629997,114.720001,113.300003,114.32,35756700
20150924,0.0,113.25,115.5,112.370003,115.0,50219500
20150925,0.0,116.440002,116.690002,114.019997,114.709999,56151900
20150928,0.0,113.849998,114.57,112.440002,112.440002,52109000
20150929,0.0,112.83000200000001,113.510002,107.860001,109.059998,73365400
20150930,0.0,110.16999799999999,111.540001,108.730003,110.300003,66473000
20151001,0.0,109.07,109.620003,107.309998,109.58000200000001,63929100
20151002,0.0,108.010002,111.010002,107.550003,110.379997,58019800
20151005,0.0,109.879997,111.370003,109.07,110.779999,52064700
20151006,0.0,110.629997,111.739998,109.769997,111.309998,48196800
20151007,0.0,111.739998,111.769997,109.410004,110.779999,46765600
20151008,0.0,110.190002,110.190002,108.209999,109.5,61979600
20151009,0.0,110.0,112.279999,109.489998,112.120003,52766100
20151012,0.0,112.730003,112.75,111.440002,111.599998,30467200
20151013,0.0,110.82,112.449997,110.68,111.790001,33049300
20151014,0.0,111.290001,111.519997,109.559998,110.209999,44462400
20151015,0.0,110.93,112.099998,110.489998,111.860001,37673500
20151016,0.0,111.779999,112.0,110.529999,111.040001,39232600
20151019,0.0,110.800003,111.75,110.110001,111.730003,29759200
20151020,0.0,111.339996,114.16999799999999,110.82,113.769997,48778800
20151021,0.0,114.0,115.58000200000001,113.699997,113.760002,41795200
20151022,0.0,114.33000200000001,115.5,114.099998,115.5,41654100
20151023,0.0,116.699997,119.230003,116.33000200000001,119.08000200000001,59366900
20151026,0.0,118.08000200000001,118.129997,114.91999799999999,115.279999,66333800
20151027,0.0,115.400002,116.540001,113.989998,114.550003,69884400
20151028,0.0,116.93,119.300003,116.059998,119.269997,85551400
20151029,0.0,118.699997,120.690002,118.269997,120.529999,51227300
20151030,0.0,120.989998,121.220001,119.449997,119.5,49365300
20151102,0.0,120.800003,121.360001,119.610001,121.18,32203300
20151103,0.0,120.790001,123.489998,120.699997,122.57,45519000
20151104,0.0,123.129997,123.82,121.620003,122.0,44886100
20151105,0.0,121.849998,122.690002,120.18,120.91999799999999,39552700
20151106,0.0,121.110001,121.809998,120.620003,121.059998,33042300
20151109,0.0,120.959999,121.809998,120.050003,120.57,33871400
20151110,0.0,116.900002,118.07,116.059998,116.769997,59127900
20151111,0.0,116.370003,117.41999799999999,115.209999,116.110001,45218000
20151112,0.0,116.260002,116.82,115.650002,115.720001,32525600
20151113,0.0,115.199997,115.57,112.269997,112.339996,45812400
20151116,0.0,111.379997,114.239998,111.0,114.18,38106700
20151117,0.0,114.91999799999999,115.050003,113.32,113.690002,27616900
20151118,0.0,115.760002,117.489998,115.5,117.290001,46674700
20151119,0.0,117.639999,119.75,116.760002,118.779999,43295800
20151120,0.0,119.199997,119.91999799999999,118.849998,119.300003,34287100
20151123,0.0,119.269997,119.730003,117.339996,117.75,32482500
20151124,0.0,117.33000200000001,119.349998,117.120003,118.879997,42803200
20151125,0.0,119.209999,119.230003,117.91999799999999,118.029999,21388300
20151127,0.0,118.290001,118.410004,117.599998,117.809998,13046400
20151130,0.0,117.989998,119.410004,117.75,118.300003,39180300
20151201,0.0,118.75,118.809998,116.860001,117.339996,34852400
20151202,0.0,117.339996,118.110001,116.08000200000001,116.279999,33386600
20151203,0.0,116.550003,116.790001,114.220001,115.199997,41569500
20151204,0.0,115.290001,119.25,115.110001,119.029999,57777000
20151207,0.0,118.980003,119.860001,117.809998,118.279999,32084200
20151208,0.0,117.519997,118.599998,116.860001,118.230003,34309500
20151209,0.0,117.639999,117.690002,115.08000200000001,115.620003,46361400
20151210,0.0,116.040001,116.940002,115.510002,116.16999799999999,29104200
20151211,0.0,115.190002,115.389999,112.849998,113.18,46886200
20151214,0.0,112.18,112.68,109.790001,112.480003,64318700
20151215,0.0,111.940002,112.800003,110.349998,110.489998,53323100
20151216,0.0,111.07,111.989998,108.800003,111.339996,56238500
20151217,0.0,112.019997,112.25,108.980003,108.980003,44772800
20151218,0.0,108.910004,109.519997,105.809998,106.029999,96453300
20151221,0.0,107.279999,107.370003,105.57,107.33000200000001,47590600
20151222,0.0,107.400002,107.720001,106.449997,107.230003,32789400
20151223,0.0,107.269997,108.849998,107.199997,108.610001,32657400
20151224,0.0,109.0,109.0,107.949997,108.029999,13570400
20151228,0.0,107.589996,107.690002,106.18,106.82,26704200
20151229,0.0,106.959999,109.43,106.860001,108.739998,30931200
20151230,0.0,108.58000200000001,108.699997,107.18,107.32,25213800
20151231,0.0,107.010002,107.029999,104.82,105.260002,40635300
20160104,0.0,102.610001,105.370003,102.0,105.349998,67649400
20160105,0.0,105.75,105.849998,102.410004,102.709999,55791000
20160106,0.0,100.559998,102.370003,99.870003,100.699997,68457400
20160107,0.0,98.68,100.129997,96.43,96.449997,81094400
20160108,0.0,98.550003,99.110001,96.760002,96.959999,70798000
20160111,0.0,98.970001,99.059998,97.339996,98.529999,49739400
20160112,0.0,100.550003,100.690002,98.839996,99.959999,49154200
20160113,0.0,100.32,101.190002,97.300003,97.389999,62439600
20160114,0.0,97.959999,100.480003,95.739998,99.519997,63170100
20160115,0.0,96.199997,97.709999,95.360001,97.129997,79010000
20160119,0.0,98.410004,98.650002,95.5,96.660004,53087700
20160120,0.0,95.099998,98.190002,93.41999799999999,96.790001,72334400
20160121,0.0,97.059998,97.879997,94.940002,96.300003,52161500
20160122,0.0,98.629997,101.459999,98.370003,101.41999799999999,65800500
20160125,0.0,101.519997,101.529999,99.209999,99.440002,51794500
20160126,0.0,99.93,100.879997,98.07,99.989998,75077000
20160127,0.0,96.040001,96.629997,93.339996,93.41999799999999,133369700
20160128,0.0,93.790001,94.519997,92.389999,94.089996,55678800
20160129,0.0,94.790001,97.339996,94.349998,97.339996,64416500
20160201,0.0,96.470001,96.709999,95.400002,96.43,40943500
20160202,0.0,95.41999799999999,96.040001,94.279999,94.480003,37357200
20160203,0.0,95.0,96.839996,94.08000200000001,96.349998,45964300
20160204,0.0,95.860001,97.33000200000001,95.190002,96.599998,46471700
20160205,0.0,96.519997,96.91999799999999,93.690002,94.019997,46418100
20160208,0.0,93.129997,95.699997,93.040001,95.010002,54021400
20160209,0.0,94.290001,95.940002,93.93,94.989998,44331200
20160210,0.0,95.91999799999999,96.349998,94.099998,94.269997,42343600
20160211,0.0,93.790001,94.720001,92.589996,93.699997,50074700
20160212,0.0,94.190002,94.5,93.010002,93.989998,40351400
20160216,0.0,95.019997,96.849998,94.610001,96.639999,49057900
20160217,0.0,96.66999799999999,98.209999,96.150002,98.120003,44863200
20160218,0.0,98.839996,98.889999,96.089996,96.260002,39021000
20160219,0.0,96.0,96.760002,95.800003,96.040001,35374200
20160222,0.0,96.309998,96.900002,95.91999799999999,96.879997,34280800
20160223,0.0,96.400002,96.5,94.550003,94.690002,31942600
20160224,0.0,93.980003,96.379997,93.32,96.099998,36255700
20160225,0.0,96.050003,96.760002,95.25,96.760002,27582700
20160226,0.0,97.199997,98.019997,96.58000200000001,96.910004,28991100
20160229,0.0,96.860001,98.230003,96.650002,96.690002,35216300
20160301,0.0,97.650002,100.769997,97.41999799999999,100.529999,50407100
20160302,0.0,100.510002,100.889999,99.639999,100.75,33169600
20160303,0.0,100.58000200000001,101.709999,100.449997,101.5,36955700
20160304,0.0,102.370003,103.75,101.370003,103.010002,46055100
20160307,0.0,102.389999,102.83000200000001,100.959999,101.870003,35828900
20160308,0.0,100.779999,101.760002,100.400002,101.029999,31561900
20160309,0.0,101.309998,101.58000200000001,100.269997,101.120003,27201700
20160310,0.0,101.410004,102.239998,100.150002,101.16999799999999,33513600
20160311,0.0,102.239998,102.279999,101.5,102.260002,27408200
20160314,0.0,101.910004,102.910004,101.779999,102.519997,25076100
20160315,0.0,103.959999,105.18,103.849998,104.58000200000001,40067700
20160316,0.0,104.610001,106.309998,104.589996,105.970001,38303500
20160317,0.0,105.519997,106.470001,104.959999,105.800003,34420700
20160318,0.0,106.339996,106.5,105.190002,105.91999799999999,44205200
20160321,0.0,105.93,107.650002,105.139999,105.910004,35502700
20160322,0.0,105.25,107.290001,105.209999,106.720001,32444400
20160323,0.0,106.480003,107.07,105.900002,106.129997,25703500
20160324,0.0,105.470001,106.25,104.889999,105.66999799999999,26133000
20160328,0.0,106.0,106.190002,105.059998,105.190002,19411400
20160329,0.0,104.889999,107.790001,104.879997,107.68,31190100
20160330,0.0,108.650002,110.41999799999999,108.599998,109.559998,45601100
20160331,0.0,109.720001,109.900002,108.879997,108.989998,25888400
20160401,0.0,108.779999,110.0,108.199997,109.989998,25874000
20160404,0.0,110.41999799999999,112.190002,110.269997,111.120003,37356200
20160405,0.0,109.510002,110.730003,109.41999799999999,109.809998,26578700
20160406,0.0,110.230003,110.980003,109.199997,110.959999,26404100
20160407,0.0,109.949997,110.41999799999999,108.120003,108.540001,31801900
20160408,0.0,108.910004,109.769997,108.16999799999999,108.660004,23581700
20160411,0.0,108.970001,110.610001,108.83000200000001,109.019997,29407500
20160412,0.0,109.339996,110.5,108.660004,110.440002,27232300
20160413,0.0,110.800003,112.339996,110.800003,112.040001,33257300
20160414,0.0,111.620003,112.389999,111.33000200000001,112.099998,25473900
20160415,0.0,112.110001,112.300003,109.730003,109.849998,46939000
20160418,0.0,108.889999,108.949997,106.940002,107.480003,60834000
20160419,0.0,107.879997,108.0,106.230003,106.910004,32384900
20160420,0.0,106.639999,108.089996,106.059998,107.129997,30611000
20160421,0.0,106.93,106.93,105.519997,105.970001,31552500
20160422,0.0,105.010002,106.480003,104.620003,105.68,33683100
20160425,0.0,105.0,105.650002,104.510002,105.08000200000001,28031600
20160426,0.0,103.910004,105.300003,103.910004,104.349998,56016200
20160427,0.0,96.0,98.709999,95.68,97.82,114602100
20160428,0.0,97.610001,97.879997,94.25,94.83000200000001,82242700
20160429,0.0,93.989998,94.720001,92.510002,93.739998,68531500
20160502,0.0,93.970001,94.08000200000001,92.400002,93.639999,48160100
20160503,0.0,94.199997,95.739998,93.68,95.18,56831300
20160504,0.0,95.199997,95.900002,93.82,94.190002,41025500
20160505,0.0,94.0,94.07,92.68,93.239998,35890500
20160506,0.0,93.370003,93.449997,91.849998,92.720001,43458200
20160509,0.0,93.0,93.769997,92.589996,92.790001,32936400
20160510,0.0,93.33000200000001,93.57,92.110001,93.41999799999999,33686800
20160511,0.0,93.480003,93.57,92.459999,92.510002,28719100
20160512,0.0,92.720001,92.779999,89.470001,90.339996,76314700
20160513,0.0,90.0,91.66999799999999,90.0,90.519997,44392800
20160516,0.0,92.389999,94.389999,91.650002,93.879997,61259800
20160517,0.0,94.550003,94.699997,93.010002,93.489998,46916900
20160518,0.0,94.160004,95.209999,93.889999,94.559998,42062400
20160519,0.0,94.639999,94.639999,93.57,94.199997,30442100
20160520,0.0,94.639999,95.43,94.519997,95.220001,32026000
20160523,0.0,95.870003,97.190002,95.66999799999999,96.43,38018600
20160524,0.0,97.220001,98.089996,96.839996,97.900002,35140200
20160525,0.0,98.66999799999999,99.739998,98.110001,99.620003,38168800
20160526,0.0,99.68,100.730003,98.639999,100.410004,56331200
20160527,0.0,99.440002,100.470001,99.25,100.349998,36229500
20160531,0.0,99.599998,100.400002,98.82,99.860001,42307200
20160601,0.0,99.019997,99.540001,98.33000200000001,98.459999,29173300
20160602,0.0,97.599998,97.839996,96.629997,97.720001,40191600
20160603,0.0,97.790001,98.269997,97.449997,97.91999799999999,28062900
20160606,0.0,97.989998,101.889999,97.550003,98.629997,23292500
20160607,0.0,99.25,99.870003,98.959999,99.029999,22409500
20160608,0.0,99.019997,99.559998,98.68,98.940002,20848100
20160609,0.0,98.5,99.989998,98.459999,99.650002,26601400
20160610,0.0,98.529999,99.349998,98.480003,98.83000200000001,31712900
20160613,0.0,98.690002,99.120003,97.099998,97.339996,38020500
20160614,0.0,97.32,98.480003,96.75,97.459999,31931900
20160615,0.0,97.82,98.410004,97.029999,97.139999,29445200
20160616,0.0,96.449997,97.75,96.07,97.550003,31326800
20160617,0.0,96.620003,96.650002,95.300003,95.33000200000001,61008200
20160620,0.0,96.0,96.57,95.029999,95.099998,34411900
20160621,0.0,94.940002,96.349998,94.68,95.910004,35546400
20160622,0.0,96.25,96.889999,95.349998,95.550003,29219100
20160623,0.0,95.940002,96.290001,95.25,96.099998,32240200
20160624,0.0,92.910004,94.660004,92.650002,93.400002,75311400
20160627,0.0,93.0,93.050003,91.5,92.040001,45489600
20160628,0.0,92.900002,93.660004,92.139999,93.589996,40444900
20160629,0.0,93.970001,94.550003,93.629997,94.400002,36531000
20160630,0.0,94.440002,95.769997,94.300003,95.599998,35836400
20160701,0.0,95.489998,96.470001,95.33000200000001,95.889999,26026500
20160705,0.0,95.389999,95.400002,94.459999,94.989998,27705200
20160706,0.0,94.599998,95.660004,94.370003,95.529999,30949100
20160707,0.0,95.699997,96.5,95.620003,95.940002,25139600
20160708,0.0,96.489998,96.889999,96.050003,96.68,28912100
20160711,0.0,96.75,97.650002,96.730003,96.980003,23794900
20160712,0.0,97.16999799999999,97.699997,97.120003,97.41999799999999,24167500
20160713,0.0,97.410004,97.66999799999999,96.839996,96.870003,25892200
20160714,0.0,97.389999,98.989998,97.32,98.790001,38919000
20160715,0.0,98.91999799999999,99.300003,98.5,98.779999,30137000
20160718,0.0,98.699997,100.129997,98.599998,99.83000200000001,36493900
20160719,0.0,99.559998,100.0,99.339996,99.870003,23779900
20160720,0.0,100.0,100.459999,99.739998,99.959999,26276000
20160721,0.0,99.83000200000001,101.0,99.129997,99.43,32702000
20160722,0.0,99.260002,99.300003,98.309998,98.660004,28313700
20160725,0.0,98.25,98.839996,96.91999799999999,97.339996,40382900
20160726,0.0,96.82,97.970001,96.41999799999999,96.66999799999999,56239800
20160727,0.0,104.269997,104.349998,102.75,102.949997,92344800
20160728,0.0,102.83000200000001,104.449997,102.82,104.339996,39869800
20160729,0.0,104.190002,104.550003,103.68,104.209999,27733700
20160801,0.0,104.410004,106.150002,104.410004,106.050003,38167900
20160802,0.0,106.050003,106.07,104.0,104.480003,33816600
20160803,0.0,104.809998,105.839996,104.769997,105.790001,30202600
20160804,0.0,105.58000200000001,106.0,105.279999,105.870003,27408700
20160805,0.0,106.269997,107.650002,106.18,107.480003,40553400
20160808,0.0,107.519997,108.370003,107.160004,108.370003,28037200
20160809,0.0,108.230003,108.940002,108.010002,108.809998,26315200
20160810,0.0,108.709999,108.900002,107.760002,108.0,24008500
20160811,0.0,108.519997,108.93,107.849998,107.93,27484500
20160812,0.0,107.779999,108.440002,107.779999,108.18,18660400
20160815,0.0,108.139999,109.540001,108.08000200000001,109.480003,25868200
20160816,0.0,109.629997,110.230003,109.209999,109.379997,33794400
20160817,0.0,109.099998,109.370003,108.339996,109.220001,25356000
20160818,0.0,109.230003,109.599998,109.019997,109.08000200000001,21984700
20160819,0.0,108.769997,109.690002,108.360001,109.360001,25368100
20160822,0.0,108.860001,109.099998,107.849998,108.510002,25820200
20160823,0.0,108.589996,109.32,108.529999,108.849998,21257700
20160824,0.0,108.57,108.75,107.68,108.029999,23675100
20160825,0.0,107.389999,107.879997,106.68,107.57,25086200
20160826,0.0,107.410004,107.949997,106.309998,106.940002,27766300
20160829,0.0,106.620003,107.440002,106.290001,106.82,24970300
20160830,0.0,105.800003,106.5,105.5,106.0,24863900
20160831,0.0,105.660004,106.57,105.639999,106.099998,29662400
20160901,0.0,106.139999,106.800003,105.620003,106.730003,26701500
20160902,0.0,107.699997,108.0,106.82,107.730003,26802500
20160906,0.0,107.900002,108.300003,107.510002,107.699997,26880400
20160907,0.0,107.83000200000001,108.760002,107.07,108.360001,42364300
20160908,0.0,107.25,107.269997,105.239998,105.519997,53002000
20160909,0.0,104.639999,105.720001,103.129997,103.129997,46557000
20160912,0.0,102.650002,105.720001,102.529999,105.440002,45292800
20160913,0.0,107.510002,108.790001,107.239998,107.949997,62176200
20160914,0.0,108.730003,113.029999,108.599998,111.769997,110888700
20160915,0.0,113.860001,115.730003,113.489998,115.57,89983600
20160916,0.0,115.120003,116.129997,114.040001,114.91999799999999,79886900
20160919,0.0,115.190002,116.18,113.25,113.58000200000001,47023000
20160920,0.0,113.050003,114.120003,112.510002,113.57,34514300
20160921,0.0,113.849998,113.989998,112.440002,113.550003,36003200
20160922,0.0,114.349998,114.940002,114.0,114.620003,31074000
20160923,0.0,114.41999799999999,114.790001,111.550003,112.709999,52481200
20160926,0.0,111.639999,113.389999,111.550003,112.879997,29869400
20160927,0.0,113.0,113.18,112.339996,113.089996,24607400
20160928,0.0,113.690002,114.639999,113.43,113.949997,29641100
20160929,0.0,113.160004,113.800003,111.800003,112.18,35887000
20160930,0.0,112.459999,113.370003,111.800003,113.050003,36379100
20161003,0.0,112.709999,113.050003,112.279999,112.519997,21701800
20161004,0.0,113.059998,114.309998,112.629997,113.0,29736800
20161005,0.0,113.400002,113.660004,112.690002,113.050003,21453100
20161006,0.0,113.699997,114.339996,113.129997,113.889999,28779300
20161007,0.0,114.309998,114.559998,113.510002,114.059998,24358400
20161010,0.0,115.019997,116.75,114.720001,116.050003,36236000
20161011,0.0,117.699997,118.690002,116.199997,116.300003,64041000
20161012,0.0,117.349998,117.980003,116.75,117.339996,37586800
20161013,0.0,116.790001,117.440002,115.720001,116.980003,35192400
20161014,0.0,117.879997,118.16999799999999,117.129997,117.629997,35652200
20161017,0.0,117.33000200000001,117.839996,116.779999,117.550003,23624900
20161018,0.0,118.18,118.209999,117.449997,117.470001,24553500
20161019,0.0,117.25,117.760002,113.800003,117.120003,20034600
20161020,0.0,116.860001,117.379997,116.33000200000001,117.059998,24125800
20161021,0.0,116.809998,116.910004,116.279999,116.599998,23192700
20161024,0.0,117.099998,117.739998,117.0,117.650002,23538700
20161025,0.0,117.949997,118.360001,117.309998,118.25,48129000
20161026,0.0,114.309998,115.699997,113.309998,115.589996,66134200
20161027,0.0,115.389999,115.860001,114.099998,114.480003,34562000
20161028,0.0,113.870003,115.209999,113.449997,113.720001,37861700
20161031,0.0,113.650002,114.230003,113.199997,113.540001,26419400
20161101,0.0,113.459999,113.769997,110.529999,111.489998,43825800
20161102,0.0,111.400002,112.349998,111.230003,111.589996,28331700
20161103,0.0,110.980003,111.459999,109.550003,109.83000200000001,26932600
20161104,0.0,108.529999,110.25,108.110001,108.839996,30837000
20161107,0.0,110.08000200000001,110.510002,109.459999,110.410004,32560000
20161108,0.0,110.309998,111.720001,109.699997,111.059998,24054500
20161109,0.0,109.879997,111.32,108.050003,110.879997,59176400
20161110,0.0,111.089996,111.089996,105.83000200000001,107.790001,57134500
20161111,0.0,107.120003,108.870003,106.550003,108.43,34094100
20161114,0.0,107.709999,107.809998,104.08000200000001,105.709999,51175500
20161115,0.0,106.57,107.68,106.160004,107.110001,32264500
20161116,0.0,106.699997,110.230003,106.599998,109.989998,58840500
20161117,0.0,109.809998,110.349998,108.83000200000001,109.949997,27632000
20161118,0.0,109.720001,110.540001,109.660004,110.059998,28428900
20161121,0.0,110.120003,111.989998,110.010002,111.730003,29264600
20161122,0.0,111.949997,112.41999799999999,111.400002,111.800003,25965500
20161123,0.0,111.360001,111.510002,110.33000200000001,111.230003,27426400
20161125,0.0,111.129997,111.870003,110.949997,111.790001,11475900
20161128,0.0,111.43,112.470001,111.389999,111.57,27194000
20161129,0.0,110.779999,112.029999,110.07,111.459999,28528800
20161130,0.0,111.599998,112.199997,110.269997,110.519997,36162300
20161201,0.0,110.370003,110.940002,109.029999,109.489998,37086900
20161202,0.0,109.16999799999999,110.089996,108.849998,109.900002,26528000
20161205,0.0,110.0,110.029999,108.25,109.110001,34324500
20161206,0.0,109.5,110.360001,109.190002,109.949997,26195500
20161207,0.0,109.260002,111.190002,109.160004,111.029999,29998700
20161208,0.0,110.860001,112.43,110.599998,112.120003,27068300
20161209,0.0,112.309998,114.699997,112.309998,113.949997,34402600
20161212,0.0,113.290001,115.0,112.489998,113.300003,26374400
20161213,0.0,113.839996,115.91999799999999,113.75,115.190002,43733800
20161214,0.0,115.040001,116.199997,114.980003,115.190002,34031800
20161215,0.0,115.379997,116.730003,115.230003,115.82,46524500
20161216,0.0,116.470001,116.5,115.650002,115.970001,44351100
20161219,0.0,115.800003,117.379997,115.75,116.639999,27779400
20161220,0.0,116.739998,117.5,116.68,116.949997,21425000
20161221,0.0,116.800003,117.400002,116.779999,117.059998,23783200
20161222,0.0,116.349998,116.510002,115.639999,116.290001,26085900
20161223,0.0,115.589996,116.519997,115.589996,116.519997,14181200
20161227,0.0,116.519997,117.800003,116.489998,117.260002,18296900
20161228,0.0,117.519997,118.019997,116.199997,116.760002,20905900
20161229,0.0,116.449997,117.110001,116.400002,116.730003,15039500
20161230,0.0,116.650002,117.199997,115.43,115.82,30586300
20170103,0.0,115.800003,116.33000200000001,114.760002,116.150002,28781900
20170104,0.0,115.849998,116.510002,115.75,116.019997,21118100
20170105,0.0,115.91999799999999,116.860001,115.809998,116.610001,22193600
20170106,0.0,116.779999,118.160004,116.470001,117.910004,31751900
20170109,0.0,117.949997,119.43,117.940002,118.989998,33561900
20170110,0.0,118.769997,119.379997,118.300003,119.110001,24462100
20170111,0.0,118.739998,119.93,118.599998,119.75,27588600
20170112,0.0,118.900002,119.300003,118.209999,119.25,27086200
20170113,0.0,119.110001,119.620003,118.809998,119.040001,26111900
20170117,0.0,118.339996,120.239998,118.220001,120.0,34439800
20170118,0.0,120.0,120.5,119.709999,119.989998,23713000
20170119,0.0,119.400002,120.089996,119.370003,119.779999,25597300
20170120,0.0,120.449997,120.449997,119.730003,120.0,32597900
20170123,0.0,120.0,120.809998,119.769997,120.08000200000001,22050200
20170124,0.0,119.550003,120.099998,119.5,119.970001,23211000
20170125,0.0,120.41999799999999,122.099998,120.279999,121.879997,32377600
20170126,0.0,121.66999799999999,122.440002,121.599998,121.940002,26337600
20170127,0.0,122.139999,122.349998,121.599998,121.949997,20562900
20170130,0.0,120.93,121.629997,120.660004,121.629997,30377500
20170131,0.0,121.150002,121.389999,120.620003,121.349998,49201000
20170201,0.0,127.029999,130.490005,127.010002,128.75,111985000
20170202,0.0,127.980003,129.389999,127.779999,128.529999,33710400
20170203,0.0,128.309998,129.190002,128.16000400000001,129.080002,24507300
20170206,0.0,129.130005,130.5,128.899994,130.28999299999998,26845900
20170207,0.0,130.53999299999998,132.08999599999999,130.449997,131.529999,38183800
20170208,0.0,131.350006,132.220001,131.220001,132.03999299999998,23004100
20170209,0.0,131.649994,132.449997,131.119995,132.419998,28349900
20170210,0.0,132.46000700000002,132.940002,132.050003,132.119995,20065500
20170213,0.0,133.080002,133.820007,132.75,133.28999299999998,23035400
20170214,0.0,133.470001,135.08999599999999,133.25,135.020004,33226200
20170215,0.0,135.520004,136.270004,134.619995,135.509995,35623100
20170216,0.0,135.669998,135.899994,134.83999599999999,135.350006,22584600
20170217,0.0,135.100006,135.830002,135.100006,135.720001,22198200
20170221,0.0,136.229996,136.75,135.979996,136.699997,24507200
20170222,0.0,136.429993,137.119995,136.110001,137.110001,20836900
20170223,0.0,137.380005,137.479996,136.300003,136.529999,20788200
20170224,0.0,135.91000400000001,136.66000400000001,135.279999,136.66000400000001,21776600
20170227,0.0,137.139999,137.440002,136.279999,136.929993,20257400
20170228,0.0,137.080002,137.440002,136.699997,136.990005,23482900
20170301,0.0,137.889999,140.149994,137.600006,139.78999299999998,36414600
20170302,0.0,140.0,140.279999,138.759995,138.96000700000002,26211000
20170303,0.0,138.779999,139.830002,138.58999599999999,139.779999,21108100
20170306,0.0,139.369995,139.770004,138.600006,139.33999599999999,21750000
20170307,0.0,139.059998,139.979996,138.78999299999998,139.520004,17446300
20170308,0.0,138.949997,139.800003,138.820007,139.0,18707200
20170309,0.0,138.740005,138.78999299999998,137.050003,138.679993,22155900
20170310,0.0,139.25,139.360001,138.639999,139.139999,19612800
20170313,0.0,138.850006,139.429993,138.820007,139.199997,17421700
20170314,0.0,139.300003,139.649994,138.83999599999999,138.990005,15309100
20170315,0.0,139.41000400000001,140.75,139.029999,140.46000700000002,25691800
20170316,0.0,140.720001,141.020004,140.259995,140.690002,19232000
20170317,0.0,141.0,141.0,139.889999,139.990005,43885000
20170320,0.0,140.399994,141.5,140.229996,141.46000700000002,21542000
20170321,0.0,142.110001,142.800003,139.729996,139.83999599999999,39529900
20170322,0.0,139.850006,141.600006,139.759995,141.419998,25860200
20170323,0.0,141.259995,141.580002,140.610001,140.919998,20346300
20170324,0.0,141.5,141.740005,140.350006,140.639999,22395600
20170327,0.0,139.389999,141.220001,138.619995,140.880005,23575100
20170328,0.0,140.91000400000001,144.03999299999998,140.619995,143.800003,33374800
20170329,0.0,143.679993,144.490005,143.190002,144.119995,29190000
20170330,0.0,144.190002,144.5,143.5,143.929993,21207300
20170331,0.0,143.720001,144.270004,143.009995,143.66000400000001,19661700
20170403,0.0,143.71000700000002,144.119995,143.050003,143.699997,19985700
20170404,0.0,143.25,144.889999,143.169998,144.770004,19891400
20170405,0.0,144.220001,145.46000700000002,143.809998,144.020004,27717900
20170406,0.0,144.28999299999998,144.520004,143.449997,143.66000400000001,21149000
20170407,0.0,143.729996,144.179993,143.270004,143.33999599999999,16672200
20170410,0.0,143.600006,143.880005,142.899994,143.169998,18933400
20170411,0.0,142.940002,143.350006,140.059998,141.630005,30379400
20170412,0.0,141.600006,142.149994,141.009995,141.800003,20350000
20170413,0.0,141.91000400000001,142.380005,141.050003,141.050003,17822900
20170417,0.0,141.479996,141.880005,140.869995,141.830002,16582100
20170418,0.0,141.41000400000001,142.03999299999998,141.110001,141.199997,14697500
20170419,0.0,141.880005,142.0,140.449997,140.679993,17328400
20170420,0.0,141.220001,142.919998,141.16000400000001,142.440002,23319600
20170421,0.0,142.440002,142.679993,141.850006,142.270004,17320900
20170424,0.0,143.5,143.949997,143.179993,143.639999,17134300
20170425,0.0,143.91000400000001,144.899994,143.869995,144.529999,18871500
20170426,0.0,144.470001,144.600006,143.380005,143.679993,20041200
20170427,0.0,143.919998,144.16000400000001,143.309998,143.78999299999998,14246300
20170428,0.0,144.08999599999999,144.300003,143.270004,143.649994,20860400
20170501,0.0,145.100006,147.199997,144.96000700000002,146.580002,33602900
20170502,0.0,147.53999299999998,148.08999599999999,146.83999599999999,147.509995,45352200
20170503,0.0,145.58999599999999,147.490005,144.270004,147.059998,45697000
20170504,0.0,146.520004,147.139999,145.809998,146.529999,23371900
20170505,0.0,146.759995,148.979996,146.759995,148.96000700000002,27327700
20170508,0.0,149.029999,153.699997,149.029999,153.009995,48752400
20170509,0.0,153.869995,154.880005,153.449997,153.990005,39130400
20170510,0.0,153.630005,153.940002,152.110001,153.259995,25805700
20170511,0.0,152.449997,154.070007,152.309998,153.949997,27255100
20170512,0.0,154.699997,156.419998,154.669998,156.100006,32527000
20170515,0.0,156.009995,156.649994,155.050003,155.699997,26009700
20170516,0.0,155.940002,156.059998,154.720001,155.470001,20048500
20170517,0.0,153.600006,154.570007,149.71000700000002,150.25,50767700
20170518,0.0,151.270004,153.33999599999999,151.130005,152.53999299999998,33568200
20170519,0.0,153.380005,153.979996,152.630005,153.059998,26960800
20170522,0.0,154.0,154.580002,152.91000400000001,153.990005,22966400
20170523,0.0,154.899994,154.899994,153.309998,153.800003,19918900
20170524,0.0,153.83999599999999,154.169998,152.669998,153.33999599999999,19178000
20170525,0.0,153.729996,154.350006,153.029999,153.869995,19235600
20170526,0.0,154.0,154.240005,153.309998,153.610001,21701100
20170530,0.0,153.419998,154.429993,153.330002,153.669998,20126900
20170531,0.0,153.970001,154.169998,152.380005,152.759995,24451200
20170601,0.0,153.169998,153.330002,152.220001,153.179993,16404100
20170602,0.0,153.580002,155.449997,152.889999,155.449997,27770700
20170605,0.0,154.33999599999999,154.449997,153.46000700000002,153.929993,25331700
20170606,0.0,153.899994,155.809998,153.779999,154.449997,26624900
20170607,0.0,155.020004,155.979996,154.479996,155.369995,21069600
20170608,0.0,155.25,155.53999299999998,154.399994,154.990005,21250800
20170609,0.0,155.190002,155.190002,146.020004,148.979996,64882700
20170612,0.0,145.740005,146.08999599999999,142.509995,145.419998,72307300
20170613,0.0,147.16000400000001,147.449997,145.149994,146.58999599999999,34165400
20170614,0.0,147.5,147.5,143.83999599999999,145.16000400000001,31531200
20170615,0.0,143.320007,144.479996,142.21000700000002,144.28999299999998,32165400
20170616,0.0,143.779999,144.5,142.199997,142.270004,50361100
20170619,0.0,143.66000400000001,146.740005,143.66000400000001,146.33999599999999,32541400
20170620,0.0,146.869995,146.869995,144.940002,145.009995,24900100
20170621,0.0,145.520004,146.070007,144.610001,145.869995,21265800
20170622,0.0,145.770004,146.699997,145.119995,145.630005,19106300
20170623,0.0,145.130005,147.16000400000001,145.110001,146.279999,35439400
20170626,0.0,147.169998,148.279999,145.380005,145.820007,25692400
20170627,0.0,145.009995,146.16000400000001,143.619995,143.729996,24761900
20170628,0.0,144.490005,146.110001,143.16000400000001,145.830002,22082400
20170629,0.0,144.71000700000002,145.130005,142.279999,143.679993,31499400
20170630,0.0,144.449997,144.96000700000002,143.779999,144.020004,23024100
20170703,0.0,144.880005,145.300003,143.100006,143.5,14258300
20170705,0.0,143.690002,144.78999299999998,142.720001,144.08999599999999,21569600
20170706,0.0,143.020004,143.5,142.41000400000001,142.729996,24128800
20170707,0.0,142.899994,144.75,142.899994,144.179993,19201700
20170710,0.0,144.110001,145.949997,143.369995,145.059998,21090600
20170711,0.0,144.729996,145.850006,144.380005,145.529999,19781800
20170712,0.0,145.869995,146.179993,144.820007,145.740005,24884500
20170713,0.0,145.5,148.490005,145.440002,147.770004,25199400
20170714,0.0,147.970001,149.330002,147.330002,149.03999299999998,20132100
20170717,0.0,148.820007,150.899994,148.570007,149.559998,23793500
20170718,0.0,149.199997,150.130005,148.669998,150.080002,17868800
20170719,0.0,150.479996,151.419998,149.949997,151.020004,20923000
20170720,0.0,151.5,151.740005,150.190002,150.33999599999999,17243700
20170721,0.0,149.990005,150.440002,148.880005,150.270004,26252600
20170724,0.0,150.580002,152.440002,149.899994,152.08999599999999,21493200
20170725,0.0,151.800003,153.83999599999999,151.800003,152.740005,18853900
20170726,0.0,153.350006,153.929993,153.059998,153.46000700000002,15781000
20170727,0.0,153.75,153.990005,147.300003,150.559998,32476300
20170728,0.0,149.889999,150.229996,149.190002,149.5,17213700
20170731,0.0,149.899994,150.330002,148.130005,148.729996,19845900
20170801,0.0,149.100006,150.220001,148.41000400000001,150.050003,35368600
20170802,0.0,159.279999,159.75,156.16000400000001,157.139999,69936800
20170803,0.0,157.050003,157.21000700000002,155.020004,155.570007,27097300
20170804,0.0,156.070007,157.399994,155.690002,156.389999,20559900
20170807,0.0,157.059998,158.919998,156.669998,158.809998,21870300
20170808,0.0,158.600006,161.830002,158.270004,160.080002,36205900
20170809,0.0,159.259995,161.270004,159.110001,161.059998,26131500
20170810,0.0,159.899994,160.0,154.630005,155.320007,40804300
20170811,0.0,156.600006,158.570007,156.070007,157.479996,26257100
20170814,0.0,159.320007,160.21000700000002,158.75,159.850006,22122700
20170815,0.0,160.66000400000001,162.199997,160.139999,161.600006,29465500
20170816,0.0,161.940002,162.509995,160.149994,160.949997,27671600
20170817,0.0,160.520004,160.71000700000002,157.83999599999999,157.860001,27940600
20170818,0.0,157.860001,159.5,156.720001,157.5,27428100
20170821,0.0,157.5,157.889999,155.110001,157.21000700000002,26368500
20170822,0.0,158.229996,160.0,158.020004,159.779999,21604600
20170823,0.0,159.070007,160.470001,158.880005,159.979996,19399100
20170824,0.0,160.429993,160.740005,158.550003,159.270004,19818900
20170825,0.0,159.649994,160.559998,159.270004,159.860001,25480100
20170828,0.0,160.139999,162.0,159.929993,161.470001,25966000
20170829,0.0,160.100006,163.119995,160.0,162.91000400000001,29516900
20170830,0.0,163.800003,163.889999,162.610001,163.350006,27269600
20170831,0.0,163.639999,164.520004,163.479996,164.0,26785100
20170901,0.0,164.800003,164.940002,163.630005,164.050003,16591100
20170905,0.0,163.75,164.25,160.559998,162.080002,29468500
20170906,0.0,162.71000700000002,162.990005,160.520004,161.91000400000001,21651700
20170907,0.0,162.08999599999999,162.240005,160.360001,161.259995,21928500
20170908,0.0,160.860001,161.149994,158.529999,158.630005,28611500
20170911,0.0,160.5,162.050003,159.889999,161.5,31085900
20170912,0.0,162.610001,163.96000700000002,158.770004,160.860001,71714000
20170913,0.0,159.869995,159.96000700000002,157.91000400000001,159.649994,44907400
20170914,0.0,158.990005,159.399994,158.08999599999999,158.279999,23760700
20170915,0.0,158.470001,160.970001,158.0,159.880005,49114600
20170918,0.0,160.110001,160.5,158.0,158.669998,28269400
20170919,0.0,159.509995,159.770004,158.440002,158.729996,20810600
20170920,0.0,157.899994,158.259995,153.830002,156.070007,52951400
20170921,0.0,155.800003,155.800003,152.75,153.389999,37511700
20170922,0.0,151.53999299999998,152.270004,150.559998,151.889999,46645400
20170925,0.0,149.990005,151.830002,149.16000400000001,150.550003,44387300
20170926,0.0,151.779999,153.919998,151.690002,153.139999,36660000
20170927,0.0,153.800003,154.720001,153.53999299999998,154.229996,25504200
20170928,0.0,153.889999,154.279999,152.699997,153.279999,22005500
20170929,0.0,153.21000700000002,154.130005,152.0,154.119995,26299800
20171002,0.0,154.259995,154.449997,152.720001,153.809998,18698800
20171003,0.0,154.009995,155.08999599999999,153.91000400000001,154.479996,16230300
20171004,0.0,153.630005,153.860001,152.46000700000002,153.479996,20163800
20171005,0.0,154.179993,155.440002,154.050003,155.389999,21283800
20171006,0.0,154.970001,155.490005,154.559998,155.300003,17407600
20171009,0.0,155.809998,156.729996,155.490005,155.83999599999999,16262900
20171010,0.0,156.059998,158.0,155.100006,155.899994,15617000
20171011,0.0,155.970001,156.979996,155.75,156.550003,16905600
20171012,0.0,156.350006,157.369995,155.729996,156.0,16125100
20171013,0.0,156.729996,157.279999,156.41000400000001,156.990005,16394200
20171016,0.0,157.899994,160.0,157.649994,159.880005,24121500
20171017,0.0,159.779999,160.869995,159.229996,160.470001,18997300
20171018,0.0,160.419998,160.71000700000002,159.600006,159.759995,16374200
20171019,0.0,156.75,157.080002,155.020004,155.979996,42584200
20171020,0.0,156.610001,157.75,155.96000700000002,156.25,23974100
20171023,0.0,156.889999,157.690002,155.5,156.169998,21984300
20171024,0.0,156.28999299999998,157.419998,156.199997,157.100006,17757200
20171025,0.0,156.91000400000001,157.550003,155.270004,156.41000400000001,21207100
20171026,0.0,157.229996,157.830002,156.779999,157.41000400000001,17000500
20171027,0.0,159.28999299999998,163.600006,158.699997,163.050003,44454200
20171030,0.0,163.889999,168.070007,163.720001,166.720001,44700800
20171031,0.0,167.899994,169.649994,166.940002,169.03999299999998,36046800
20171101,0.0,169.869995,169.940002,165.610001,166.889999,33637800
20171102,0.0,166.600006,168.5,165.279999,168.110001,41393400
20171103,0.0,174.0,174.259995,171.119995,172.5,59398600
20171106,0.0,172.369995,174.990005,171.720001,174.25,35026300
20171107,0.0,173.91000400000001,175.25,173.600006,174.809998,24361500
20171108,0.0,174.66000400000001,176.240005,174.330002,176.240005,24409500
20171109,0.0,175.110001,176.100006,173.139999,175.880005,29482600
20171110,0.0,175.110001,175.380005,174.270004,174.669998,25145500
20171113,0.0,173.5,174.5,173.399994,173.970001,16982100
20171114,0.0,173.03999299999998,173.479996,171.179993,171.33999599999999,24782500
20171115,0.0,169.970001,170.320007,168.380005,169.080002,29158100
20171116,0.0,171.179993,171.869995,170.300003,171.100006,23637500
20171117,0.0,171.03999299999998,171.389999,169.639999,170.149994,21899500
20171120,0.0,170.28999299999998,170.559998,169.559998,169.979996,16262400
20171121,0.0,170.779999,173.699997,170.779999,173.139999,25131300
20171122,0.0,173.360001,175.0,173.050003,174.96000700000002,25588900
20171124,0.0,175.100006,175.5,174.649994,174.970001,14026700
20171127,0.0,175.050003,175.080002,173.33999599999999,174.08999599999999,20716800
20171128,0.0,174.300003,174.869995,171.860001,173.070007,26428800
20171129,0.0,172.630005,172.919998,167.16000400000001,169.479996,41666400
20171130,0.0,170.429993,172.139999,168.440002,171.850006,41527200
20171201,0.0,169.949997,171.669998,168.5,171.050003,39759300
20171204,0.0,172.479996,172.619995,169.630005,169.800003,32542400
20171205,0.0,169.059998,171.520004,168.399994,169.639999,27350200
20171206,0.0,167.5,170.199997,166.46000700000002,169.009995,28560000
20171207,0.0,169.029999,170.440002,168.91000400000001,169.320007,25673300
20171208,0.0,170.490005,171.0,168.820007,169.369995,23355200
20171211,0.0,169.199997,172.889999,168.78999299999998,172.669998,35273800
20171212,0.0,172.149994,172.389999,171.46000700000002,171.699997,19409200
20171213,0.0,172.5,173.53999299999998,172.0,172.270004,23818400
20171214,0.0,172.399994,173.130005,171.649994,172.220001,20476500
20171215,0.0,173.630005,174.169998,172.46000700000002,173.970001,40169300
20171218,0.0,174.880005,177.199997,174.860001,176.419998,29421100
20171219,0.0,175.029999,175.389999,174.08999599999999,174.53999299999998,27436400
20171220,0.0,174.869995,175.419998,173.25,174.350006,23475600
20171221,0.0,174.169998,176.020004,174.100006,175.009995,20949900
20171222,0.0,174.679993,175.419998,174.5,175.009995,16349400
20171226,0.0,170.800003,171.470001,169.679993,170.570007,33185500
20171227,0.0,170.100006,170.779999,169.71000700000002,170.600006,21498200
20171228,0.0,171.0,171.850006,170.479996,171.080002,16480200
20171229,0.0,170.520004,170.58999599999999,169.220001,169.229996,25999900
20180102,0.0,170.16000400000001,172.300003,169.259995,172.259995,25555900
20180103,0.0,172.529999,174.550003,171.96000700000002,172.229996,29517900
20180104,0.0,172.53999299999998,173.470001,172.080002,173.029999,22434600
20180105,0.0,173.440002,175.369995,173.050003,175.0,23660000
20180108,0.0,174.350006,175.610001,173.929993,174.350006,20567800
20180109,0.0,174.550003,175.059998,173.41000400000001,174.330002,21584000
20180110,0.0,173.16000400000001,174.300003,173.0,174.28999299999998,23959900
20180111,0.0,174.58999599999999,175.490005,174.490005,175.279999,18667700
20180112,0.0,176.179993,177.360001,175.649994,177.08999599999999,25418100
20180116,0.0,177.899994,179.389999,176.139999,176.190002,29565900
20180117,0.0,176.149994,179.25,175.070007,179.100006,33888500
20180118,0.0,179.369995,180.100006,178.25,179.259995,31193400
20180119,0.0,178.610001,179.580002,177.41000400000001,178.46000700000002,32425100
20180122,0.0,177.300003,177.779999,176.600006,177.0,27108600
20180123,0.0,177.300003,179.440002,176.820007,177.03999299999998,32689100
20180124,0.0,177.25,177.300003,173.199997,174.220001,51105100
20180125,0.0,174.509995,174.949997,170.529999,171.110001,41529000
20180126,0.0,172.0,172.0,170.059998,171.509995,39143000
20180129,0.0,170.16000400000001,170.16000400000001,167.070007,167.96000700000002,50640400
20180130,0.0,165.529999,167.369995,164.699997,166.970001,46048200
20180131,0.0,166.869995,168.440002,166.5,167.429993,32478900
20180201,0.0,167.169998,168.619995,166.759995,167.779999,47230800
20180202,0.0,166.0,166.800003,160.100006,160.5,86593800
20180205,0.0,159.100006,163.880005,156.0,156.490005,72738500
20180206,0.0,154.830002,163.720001,154.0,163.029999,68243800
20180207,0.0,163.08999599999999,163.399994,159.070007,159.53999299999998,51608600
20180208,0.0,160.28999299999998,161.0,155.029999,155.149994,54390500
20180209,0.0,157.070007,157.889999,150.240005,156.41000400000001,70672600
20180212,0.0,158.5,163.889999,157.509995,162.71000700000002,60819500
20180213,0.0,161.949997,164.75,161.649994,164.33999599999999,32549200
20180214,0.0,163.03999299999998,167.53999299999998,162.880005,167.369995,40644900
20180215,0.0,169.78999299999998,173.08999599999999,169.0,172.990005,51147200
20180216,0.0,172.360001,174.820007,171.770004,172.429993,40176100
20180220,0.0,172.050003,174.259995,171.419998,171.850006,33930500
20180221,0.0,172.830002,174.119995,171.009995,171.070007,37471600
20180222,0.0,171.800003,173.949997,171.71000700000002,172.5,30991900
20180223,0.0,173.669998,175.649994,173.53999299999998,175.5,33812400
20180226,0.0,176.350006,179.389999,176.21000700000002,178.970001,38162200
20180227,0.0,179.100006,180.479996,178.16000400000001,178.389999,38928100
20180228,0.0,179.259995,180.619995,178.050003,178.119995,37782100
20180301,0.0,178.53999299999998,179.779999,172.66000400000001,175.0,48802000
20180302,0.0,172.800003,176.300003,172.449997,176.21000700000002,38454000
20180305,0.0,175.21000700000002,177.740005,174.520004,176.820007,28401400
20180306,0.0,177.91000400000001,178.25,176.130005,176.669998,23788500
20180307,0.0,174.940002,175.850006,174.270004,175.029999,31703500
20180308,0.0,175.479996,177.119995,175.070007,176.940002,23774100
20180309,0.0,177.96000700000002,180.0,177.389999,179.979996,32185200
20180312,0.0,180.28999299999998,182.389999,180.21000700000002,181.720001,32207100
20180313,0.0,182.58999599999999,183.5,179.240005,179.970001,31693500
20180314,0.0,180.320007,180.520004,177.809998,178.440002,29368400
20180315,0.0,178.5,180.240005,178.070007,178.649994,22743800
20180316,0.0,178.649994,179.119995,177.619995,178.020004,39404700
20180319,0.0,177.320007,177.470001,173.66000400000001,175.300003,33446800
20180320,0.0,175.240005,176.800003,174.940002,175.240005,19649400
20180321,0.0,175.03999299999998,175.08999599999999,171.259995,171.270004,37054900
20180322,0.0,170.0,172.679993,168.600006,168.850006,41490800
20180323,0.0,168.389999,169.919998,164.940002,164.940002,41028800
20180326,0.0,168.070007,173.100006,166.440002,172.770004,37541200
20180327,0.0,173.679993,175.149994,166.919998,168.33999599999999,40922600
20180328,0.0,167.25,170.020004,165.190002,166.479996,41668500
20180329,0.0,167.809998,171.75,166.899994,167.779999,38398500
20180402,0.0,166.639999,168.940002,164.470001,166.679993,37586800
20180403,0.0,167.639999,168.75,164.880005,168.389999,30278000
20180404,0.0,164.880005,172.009995,164.770004,171.610001,34605500
20180405,0.0,172.580002,174.229996,172.080002,172.800003,26933200
20180406,0.0,170.970001,172.479996,168.199997,168.380005,35005300
20180409,0.0,169.880005,173.08999599999999,169.850006,170.050003,29017700
20180410,0.0,173.0,174.0,171.529999,173.25,28408600
20180411,0.0,172.229996,173.919998,171.699997,172.440002,22431600
20180412,0.0,173.41000400000001,175.0,173.03999299999998,174.139999,22889300
20180413,0.0,174.779999,175.83999599999999,173.850006,174.729996,25124300
20180416,0.0,175.029999,176.190002,174.830002,175.820007,21578400
20180417,0.0,176.490005,178.940002,176.41000400000001,178.240005,26605400
20180418,0.0,177.809998,178.820007,176.880005,177.83999599999999,20754500
20180419,0.0,173.759995,175.389999,172.66000400000001,172.800003,34808800
20180420,0.0,170.600006,171.220001,165.429993,165.720001,65491100
20180423,0.0,166.830002,166.919998,164.08999599999999,165.240005,36515500
20180424,0.0,165.669998,166.330002,161.220001,162.940002,33692000
20180425,0.0,162.619995,165.419998,162.41000400000001,163.649994,28382100
20180426,0.0,164.119995,165.729996,163.369995,164.220001,27963000
20180427,0.0,164.0,164.330002,160.630005,162.320007,35655800
20180430,0.0,162.130005,167.259995,161.83999599999999,165.259995,42427400
20180501,0.0,166.41000400000001,169.199997,165.270004,169.100006,53569400
20180502,0.0,175.229996,177.75,173.800003,176.570007,66539400
20180503,0.0,175.880005,177.5,174.440002,176.889999,34068200
20180504,0.0,178.25,184.25,178.169998,183.830002,56201300
20180507,0.0,185.179993,187.669998,184.75,185.16000400000001,42451400
20180508,0.0,184.990005,186.220001,183.669998,186.050003,28402800
20180509,0.0,186.550003,187.399994,185.220001,187.360001,23211200
20180510,0.0,187.740005,190.369995,187.649994,190.03999299999998,27989300
20180511,0.0,189.490005,190.059998,187.449997,188.58999599999999,26212200
20180514,0.0,189.009995,189.529999,187.860001,188.149994,20778800
20180515,0.0,186.779999,187.070007,185.100006,186.440002,23695200
20180516,0.0,186.070007,188.46000700000002,186.0,188.179993,19183100
20180517,0.0,188.0,188.91000400000001,186.360001,186.990005,17294000
20180518,0.0,187.190002,187.809998,186.130005,186.309998,18297700
20180521,0.0,188.0,189.270004,186.91000400000001,187.630005,18400800
20180522,0.0,188.380005,188.880005,186.779999,187.16000400000001,15240700
20180523,0.0,186.350006,188.5,185.759995,188.360001,19467900
20180524,0.0,188.770004,188.83999599999999,186.21000700000002,188.149994,20401000
20180525,0.0,188.229996,189.649994,187.649994,188.580002,17461000
20180529,0.0,187.600006,188.75,186.869995,187.899994,22369000
20180530,0.0,187.720001,188.0,186.779999,187.5,18690500
20180531,0.0,187.220001,188.229996,186.139999,186.869995,27482800
20180601,0.0,187.990005,190.259995,187.75,190.240005,23250400
20180604,0.0,191.639999,193.419998,191.350006,191.830002,26132000
20180605,0.0,193.070007,193.940002,192.360001,193.309998,21566000
20180606,0.0,193.630005,194.080002,191.919998,193.979996,20933600
20180607,0.0,194.139999,194.199997,192.33999599999999,193.46000700000002,21347200
20180608,0.0,191.169998,192.0,189.770004,191.699997,26656800
20180611,0.0,191.350006,191.970001,190.21000700000002,191.229996,18308500
20180612,0.0,191.389999,192.610001,191.149994,192.279999,16911100
20180613,0.0,192.419998,192.880005,190.440002,190.699997,21638400
20180614,0.0,191.550003,191.570007,190.220001,190.800003,21610100
20180615,0.0,190.029999,190.16000400000001,188.259995,188.83999599999999,61719200
20180618,0.0,187.880005,189.220001,187.199997,188.740005,18484900
20180619,0.0,185.139999,186.330002,183.449997,185.690002,33578500
20180620,0.0,186.350006,187.199997,185.729996,186.5,20628700
20180621,0.0,187.25,188.350006,184.940002,185.46000700000002,25711900
20180622,0.0,186.119995,186.149994,184.699997,184.919998,27200400
20180625,0.0,183.399994,184.919998,180.729996,182.169998,31663100
20180626,0.0,182.990005,186.529999,182.53999299999998,184.429993,24569200
20180627,0.0,185.229996,187.279999,184.029999,184.16000400000001,25285300
20180628,0.0,184.100006,186.21000700000002,183.800003,185.5,17365200
20180629,0.0,186.28999299999998,187.190002,182.91000400000001,185.110001,22737700
20180702,0.0,183.820007,187.300003,183.419998,187.179993,17731300
20180703,0.0,187.78999299999998,187.949997,183.53999299999998,183.919998,13954800
20180705,0.0,185.259995,186.41000400000001,184.279999,185.399994,16604200
20180706,0.0,185.419998,188.429993,185.199997,187.970001,17485200
20180709,0.0,189.5,190.679993,189.300003,190.580002,19756600
20180710,0.0,190.71000700000002,191.279999,190.179993,190.350006,15939100
20180711,0.0,188.5,189.779999,187.610001,187.880005,18831500
20180712,0.0,189.529999,191.41000400000001,189.309998,191.029999,18041100
20180713,0.0,191.080002,191.83999599999999,190.899994,191.330002,12513900
20180716,0.0,191.520004,192.649994,190.419998,190.91000400000001,15043100
20180717,0.0,189.75,191.869995,189.199997,191.449997,15534500
20180718,0.0,191.779999,191.800003,189.929993,190.399994,16393400
20180719,0.0,189.690002,192.550003,189.690002,191.880005,20286800
20180720,0.0,191.779999,192.429993,190.169998,191.440002,20676200
20180723,0.0,190.679993,191.96000700000002,189.559998,191.610001,15970100
